, R2_SCORE ,MODEL_NAME,RMSE
0,-0.10460477209394892,RandomF,59.59615759426106
1,0.9728215179345332,LinearR,9.348187208973682
